Cumulative Return %,Annualized Return %,Annualized Volatility %,Sharpe Ratio,Max Drawdown %
0.2607252610309807,0.33027921131270066,7.363414355256887,0.04485408471912324,7.16415791421129
